customer_id,usage_date,api_calls,events_ingested,dashboards_viewed
1,2026-02-01,160084,2054851,206
2,2026-02-01,164668,2236944,161
3,2026-02-01,22719,261429,199
4,2026-02-01,24236,251768,92
5,2026-02-01,29932,363388,149
6,2026-02-01,34924,485369,187
7,2026-02-01,4697,52070,33
8,2026-02-01,4590,35548,131
9,2026-02-01,5264,71914,167
10,2026-02-01,4920,33114,150
11,2026-02-01,40329,434252,202
12,2026-02-01,181471,2043386,48
13,2026-02-01,126911,1200385,172
14,2026-02-01,5663,36553,200
15,2026-02-01,40888,386910,190
16,2026-02-01,6590,66777,69
17,2026-02-01,723,6175,76
18,2026-02-01,40811,418347,22
19,2026-02-01,733,7661,81
20,2026-02-01,3868,26153,12
21,2026-02-01,795,8576,62
22,2026-02-01,5472,49866,43
23,2026-02-01,821,11195,24
24,2026-02-01,6533,58081,49
25,2026-02-01,545,6939,215
1,2026-02-02,325541,2381153,20
2,2026-02-02,326069,4495666,8
3,2026-02-02,85410,743623,91
4,2026-02-02,76776,755276,170
5,2026-02-02,82033,630431,57
6,2026-02-02,80733,569347,64
7,2026-02-02,11099,145536,101
8,2026-02-02,12083,150715,78
9,2026-02-02,15726,161235,216
10,2026-02-02,12197,104622,110
11,2026-02-02,111075,761988,13
12,2026-02-02,320830,2930446,206
13,2026-02-02,485633,3565546,178
14,2026-02-02,16033,156317,218
15,2026-02-02,80992,780232,181
16,2026-02-02,11267,101335,219
17,2026-02-02,1556,12965,20
18,2026-02-02,112728,1057981,141
19,2026-02-02,2193,27544,59
20,2026-02-02,10579,126070,151
21,2026-02-02,1534,13706,47
22,2026-02-02,10508,129460,132
23,2026-02-02,2090,21067,195
24,2026-02-02,15401,101188,175
25,2026-02-02,1829,20280,164
1,2026-02-03,307090,3365059,116
2,2026-02-03,437387,6005599,70
3,2026-02-03,78806,669920,162
4,2026-02-03,68344,717632,22
5,2026-02-03,64804,483500,195
6,2026-02-03,92086,938006,135
7,2026-02-03,13609,148428,123
8,2026-02-03,14159,110328,11
9,2026-02-03,18301,238268,114
10,2026-02-03,17280,199584,203
11,2026-02-03,83119,1072455,58
12,2026-02-03,328233,3858121,181
13,2026-02-03,296491,3782529,161
14,2026-02-03,13104,92152,31
15,2026-02-03,64616,898763,219
16,2026-02-03,14545,101053,134
17,2026-02-03,2019,16874,196
18,2026-02-03,67074,554122,180
19,2026-02-03,1960,19820,174
20,2026-02-03,18709,167313,129
21,2026-02-03,1475,16984,147
22,2026-02-03,13695,186270,193
23,2026-02-03,1971,13254,87
24,2026-02-03,11431,131164,133
25,2026-02-03,1421,14149,116
1,2026-02-04,510404,6347045,120
2,2026-02-04,290879,2547337,145
3,2026-02-04,103589,1023746,153
4,2026-02-04,81123,783614,54
5,2026-02-04,100387,888634,137
6,2026-02-04,93542,741138,193
7,2026-02-04,14707,166265,67
8,2026-02-04,16739,123204,129
9,2026-02-04,14627,114193,67
10,2026-02-04,16675,170741,4
11,2026-02-04,84383,519891,55
12,2026-02-04,324676,4528297,47
13,2026-02-04,428279,3977767,127
14,2026-02-04,11444,108503,219
15,2026-02-04,70599,710502,105
16,2026-02-04,11672,80460,117
17,2026-02-04,1611,15533,80
18,2026-02-04,87666,611735,164
19,2026-02-04,2063,18089,11
20,2026-02-04,14073,121154,64
21,2026-02-04,2599,19766,197
22,2026-02-04,15188,188392,131
23,2026-02-04,1610,12796,29
24,2026-02-04,17060,205431,192
25,2026-02-04,2401,24527,162
1,2026-02-05,363349,2418717,120
2,2026-02-05,320581,3325890,161
3,2026-02-05,97986,1157063,199
4,2026-02-05,70736,432821,171
5,2026-02-05,68815,499398,37
6,2026-02-05,73178,850040,201
7,2026-02-05,15308,153864,166
8,2026-02-05,12619,167586,26
9,2026-02-05,16590,174112,29
10,2026-02-05,15196,134089,121
11,2026-02-05,85506,821928,192
12,2026-02-05,281472,2712075,175
13,2026-02-05,448757,3835290,152
14,2026-02-05,16394,158768,143
15,2026-02-05,90484,589818,150
16,2026-02-05,18153,230717,141
17,2026-02-05,2494,31807,40
18,2026-02-05,104485,1108460,115
19,2026-02-05,2434,28879,8
20,2026-02-05,17148,234157,6
21,2026-02-05,2313,30805,197
22,2026-02-05,17627,134691,205
23,2026-02-05,2542,27828,158
24,2026-02-05,10616,105752,202
25,2026-02-05,1521,19732,159
1,2026-02-06,500515,3851069,103
2,2026-02-06,299681,3712178,100
3,2026-02-06,86882,585565,26
4,2026-02-06,87157,783419,167
5,2026-02-06,112112,983153,101
6,2026-02-06,81949,950120,80
7,2026-02-06,17011,213591,208
8,2026-02-06,15109,209265,46
9,2026-02-06,16221,100473,102
10,2026-02-06,14234,189072,199
11,2026-02-06,100731,638151,196
12,2026-02-06,394819,2631778,101
13,2026-02-06,305306,1892809,111
14,2026-02-06,13867,164674,152
15,2026-02-06,90987,726378,122
16,2026-02-06,11785,115188,91
17,2026-02-06,1451,14561,5
18,2026-02-06,90651,803864,60
19,2026-02-06,2490,31275,146
20,2026-02-06,18438,139750,82
21,2026-02-06,1868,24015,21
22,2026-02-06,18906,144756,163
23,2026-02-06,2559,15521,67
24,2026-02-06,11233,132377,101
25,2026-02-06,2217,23060,185
1,2026-02-07,103323,1072880,145
2,2026-02-07,142570,1520607,23
3,2026-02-07,38809,481235,206
4,2026-02-07,31542,271249,212
5,2026-02-07,22836,204406,171
6,2026-02-07,30258,296106,90
7,2026-02-07,6087,82749,160
8,2026-02-07,3682,27819,13
9,2026-02-07,4522,54659,217
10,2026-02-07,4762,54319,173
11,2026-02-07,33298,263844,113
12,2026-02-07,116061,1071653,106
13,2026-02-07,169195,1444601,205
14,2026-02-07,5351,57341,15
15,2026-02-07,33564,387960,165
16,2026-02-07,3895,45221,112
17,2026-02-07,676,8405,216
18,2026-02-07,32181,341551,107
19,2026-02-07,679,4188,50
20,2026-02-07,6522,76038,8
21,2026-02-07,652,7068,105
22,2026-02-07,4741,43574,50
23,2026-02-07,768,9423,128
24,2026-02-07,6669,90058,53
25,2026-02-07,754,7295,30
1,2026-02-08,113940,1088376,100
2,2026-02-08,172935,1931635,191
3,2026-02-08,29151,240213,124
4,2026-02-08,39308,326962,46
5,2026-02-08,30686,218309,37
6,2026-02-08,37275,382553,144
7,2026-02-08,4930,42314,153
8,2026-02-08,5626,36076,40
9,2026-02-08,6283,87612,16
10,2026-02-08,5806,64293,208
11,2026-02-08,39853,421720,23
12,2026-02-08,114638,1315582,118
13,2026-02-08,140518,1161325,44
14,2026-02-08,4523,49504,161
15,2026-02-08,23454,153336,94
16,2026-02-08,4996,44996,39
17,2026-02-08,558,5752,47
18,2026-02-08,24270,339234,6
19,2026-02-08,873,7232,170
20,2026-02-08,3935,28148,208
21,2026-02-08,518,6244,165
22,2026-02-08,6202,66946,185
23,2026-02-08,514,6613,106
24,2026-02-08,5345,58991,75
25,2026-02-08,831,5712,30
1,2026-02-09,423357,4574521,211
2,2026-02-09,397779,4366571,159
3,2026-02-09,111417,1462660,117
4,2026-02-09,106131,1387298,39
5,2026-02-09,97290,1003210,207
6,2026-02-09,80605,1055694,85
7,2026-02-09,13311,185331,150
8,2026-02-09,18558,149655,93
9,2026-02-09,17731,157783,144
10,2026-02-09,15418,117764,35
11,2026-02-09,63623,459346,38
12,2026-02-09,444296,5037273,5
13,2026-02-09,308803,2658659,169
14,2026-02-09,13408,103143,167
15,2026-02-09,95999,646760,39
16,2026-02-09,17583,230046,52
17,2026-02-09,1521,12892,192
18,2026-02-09,80277,1082175,161
19,2026-02-09,2248,27437,116
20,2026-02-09,13816,85031,173
21,2026-02-09,1878,25832,169
22,2026-02-09,10628,69271,156
23,2026-02-09,2150,17375,189
24,2026-02-09,10722,143929,41
25,2026-02-09,2587,28026,123
1,2026-02-10,458908,3870672,211
2,2026-02-10,510683,5275785,3
3,2026-02-10,68095,926931,92
4,2026-02-10,74347,825122,147
5,2026-02-10,66885,469421,97
6,2026-02-10,81459,672845,141
7,2026-02-10,11731,88801,115
8,2026-02-10,16625,202591,51
9,2026-02-10,15834,114305,79
10,2026-02-10,16921,201408,85
11,2026-02-10,73105,463258,202
12,2026-02-10,368010,4136902,181
13,2026-02-10,345548,3594724,200
14,2026-02-10,14163,155129,21
15,2026-02-10,87710,1207668,158
16,2026-02-10,15205,145040,21
17,2026-02-10,1580,21550,216
18,2026-02-10,72139,705548,88
19,2026-02-10,1526,13038,147
20,2026-02-10,18425,198086,109
21,2026-02-10,1808,14699,193
22,2026-02-10,11288,78164,198
23,2026-02-10,2316,15434,84
24,2026-02-10,11725,131207,6
25,2026-02-10,1856,15600,211
1,2026-02-11,457825,2854143,133
2,2026-02-11,440751,4014299,88
3,2026-02-11,63673,529554,60
4,2026-02-11,109511,1453763,112
5,2026-02-11,92991,919682,179
6,2026-02-11,104969,928955,30
7,2026-02-11,17810,244541,33
8,2026-02-11,13411,85099,218
9,2026-02-11,19114,244015,199
10,2026-02-11,11994,159668,213
11,2026-02-11,81933,1058053,7
12,2026-02-11,357678,3386044,114
13,2026-02-11,328317,3377208,147
14,2026-02-11,14015,177674,167
15,2026-02-11,81256,1098064,168
16,2026-02-11,11209,94904,94
17,2026-02-11,1459,16738,43
18,2026-02-11,104991,1384194,21
19,2026-02-11,1712,18678,213
20,2026-02-11,12536,156271,191
21,2026-02-11,1777,21954,136
22,2026-02-11,11701,89389,196
23,2026-02-11,2531,20395,86
24,2026-02-11,17445,153354,158
25,2026-02-11,1907,26413,102
1,2026-02-12,381053,3368506,201
2,2026-02-12,337145,4636141,53
3,2026-02-12,109506,1161170,103
4,2026-02-12,115941,1117750,142
5,2026-02-12,75972,510080,182
6,2026-02-12,86772,1097067,76
7,2026-02-12,15350,198611,134
8,2026-02-12,15888,198348,183
9,2026-02-12,17788,215141,100
10,2026-02-12,10684,127284,136
11,2026-02-12,66001,701412,119
12,2026-02-12,485224,6705197,93
13,2026-02-12,510034,5704888,50
14,2026-02-12,15645,164534,57
15,2026-02-12,111363,1150468,59
16,2026-02-12,10865,87826,187
17,2026-02-12,2131,16407,145
18,2026-02-12,115432,845663,142
19,2026-02-12,2020,12942,149
20,2026-02-12,17198,233013,217
21,2026-02-12,2185,28034,125
22,2026-02-12,17605,162750,216
23,2026-02-12,1970,20259,118
24,2026-02-12,12823,157865,189
25,2026-02-12,1719,12382,217
1,2026-02-13,505394,5140873,136
2,2026-02-13,418889,2584681,218
3,2026-02-13,95903,739379,119
4,2026-02-13,72514,622092,22
5,2026-02-13,83744,927714,48
6,2026-02-13,67825,775701,211
7,2026-02-13,10523,147144,142
8,2026-02-13,10679,94229,141
9,2026-02-13,16502,128665,198
10,2026-02-13,18842,227985,25
11,2026-02-13,90041,921031,205
12,2026-02-13,281237,3152407,110
13,2026-02-13,438291,2939384,162
14,2026-02-13,11347,157675,160
15,2026-02-13,93917,1068269,7
16,2026-02-13,11476,145071,57
17,2026-02-13,2508,16258,180
18,2026-02-13,99242,1334020,33
19,2026-02-13,2575,32766,55
20,2026-02-13,17287,165408,206
21,2026-02-13,2555,30793,206
22,2026-02-13,13805,88455,199
23,2026-02-13,2176,17234,69
24,2026-02-13,17289,135703,10
25,2026-02-13,1845,15889,7
1,2026-02-14,145800,1593976,155
2,2026-02-14,126769,1474493,130
3,2026-02-14,35383,387259,166
4,2026-02-14,23516,222669,90
5,2026-02-14,39904,530368,185
6,2026-02-14,33892,252513,215
7,2026-02-14,6022,50428,81
8,2026-02-14,4736,53625,88
9,2026-02-14,5686,46464,81
10,2026-02-14,4128,34384,114
11,2026-02-14,29748,230532,48
12,2026-02-14,113293,1112997,174
13,2026-02-14,143297,1180688,69
14,2026-02-14,4131,48896,135
15,2026-02-14,37976,286708,21
16,2026-02-14,5655,75745,16
17,2026-02-14,904,11889,78
18,2026-02-14,34641,466429,102
19,2026-02-14,745,4489,85
20,2026-02-14,6702,61982,108
21,2026-02-14,633,6706,15
22,2026-02-14,5690,76382,171
23,2026-02-14,638,4358,84
24,2026-02-14,6617,59342,7
25,2026-02-14,743,7445,101
1,2026-02-15,167527,1498992,32
2,2026-02-15,127491,1076092,184
3,2026-02-15,37738,470976,77
4,2026-02-15,22377,237392,61
5,2026-02-15,34699,249451,98
6,2026-02-15,29500,387303,170
7,2026-02-15,4506,57912,127
8,2026-02-15,4171,38469,22
9,2026-02-15,4125,27519,87
10,2026-02-15,6594,46746,21
11,2026-02-15,29991,295582,205
12,2026-02-15,175863,2142432,189
13,2026-02-15,148353,1305346,30
14,2026-02-15,5753,38429,7
15,2026-02-15,28610,187572,197
16,2026-02-15,6586,79819,4
17,2026-02-15,542,7191,105
18,2026-02-15,35446,216513,42
19,2026-02-15,733,6263,30
20,2026-02-15,5550,38769,174
21,2026-02-15,568,7453,45
22,2026-02-15,4043,28369,6
23,2026-02-15,687,8660,176
24,2026-02-15,6506,81658,99
25,2026-02-15,893,10415,105
1,2026-02-16,340699,4577356,195
2,2026-02-16,494627,6431485,145
3,2026-02-16,92212,805829,122
4,2026-02-16,104787,1026263,160
5,2026-02-16,97264,1310844,176
6,2026-02-16,113699,707978,36
7,2026-02-16,12090,128140,15
8,2026-02-16,11119,82451,101
9,2026-02-16,18450,230176,130
10,2026-02-16,14523,123019,129
11,2026-02-16,111553,1512311,202
12,2026-02-16,439067,4558171,100
13,2026-02-16,342971,2519191,121
14,2026-02-16,13978,154733,4
15,2026-02-16,100928,1275246,8
16,2026-02-16,12187,73856,180
17,2026-02-16,1640,21754,216
18,2026-02-16,63712,705117,67
19,2026-02-16,1996,14020,182
20,2026-02-16,16492,177171,154
21,2026-02-16,1848,22150,36
22,2026-02-16,13875,99222,16
23,2026-02-16,2099,15546,30
24,2026-02-16,14631,160514,36
25,2026-02-16,1495,19568,199
1,2026-02-17,378180,4055109,7
2,2026-02-17,518989,6271299,151
3,2026-02-17,107628,1080597,30
4,2026-02-17,109687,1470791,103
5,2026-02-17,102385,928114,74
6,2026-02-17,80486,974444,87
7,2026-02-17,17569,174110,28
8,2026-02-17,13124,158340,40
9,2026-02-17,13735,175626,13
10,2026-02-17,15981,155102,15
11,2026-02-17,81496,1117875,133
12,2026-02-17,441433,3876443,167
13,2026-02-17,342641,3122484,189
14,2026-02-17,12698,149880,128
15,2026-02-17,115001,1278938,204
16,2026-02-17,15060,152144,75
17,2026-02-17,1608,17400,219
18,2026-02-17,116763,1288293,58
19,2026-02-17,2466,15155,117
20,2026-02-17,18378,152783,151
21,2026-02-17,1992,27726,144
22,2026-02-17,13839,153691,6
23,2026-02-17,1966,16847,26
24,2026-02-17,14444,104475,10
25,2026-02-17,2213,18337,74
1,2026-02-18,451918,3764346,120
2,2026-02-18,436605,3076172,94
3,2026-02-18,80029,835927,212
4,2026-02-18,64232,751306,126
5,2026-02-18,93059,1248262,110
6,2026-02-18,80611,777541,13
7,2026-02-18,18488,181633,217
8,2026-02-18,16910,130226,14
9,2026-02-18,16757,156330,49
10,2026-02-18,19141,173876,154
11,2026-02-18,101845,1086129,151
12,2026-02-18,378978,2326554,122
13,2026-02-18,475205,5439079,119
14,2026-02-18,19183,227258,58
15,2026-02-18,78383,1003311,198
16,2026-02-18,14824,114773,128
17,2026-02-18,1743,15389,84
18,2026-02-18,82028,677763,171
19,2026-02-18,2173,15354,42
20,2026-02-18,16273,115956,80
21,2026-02-18,2265,26527,89
22,2026-02-18,19368,217957,209
23,2026-02-18,1542,20379,181
24,2026-02-18,11582,126705,143
25,2026-02-18,2484,31210,91
1,2026-02-19,390302,3144579,73
2,2026-02-19,337852,2126137,31
3,2026-02-19,74898,620361,140
4,2026-02-19,98702,610173,132
5,2026-02-19,68002,832087,76
6,2026-02-19,84922,1138369,193
7,2026-02-19,12641,94987,149
8,2026-02-19,13397,92457,11
9,2026-02-19,12297,160424,106
10,2026-02-19,13210,125270,151
11,2026-02-19,92712,1119475,204
12,2026-02-19,515614,3333621,76
13,2026-02-19,312237,1941827,217
14,2026-02-19,17313,127922,37
15,2026-02-19,88002,750568,78
16,2026-02-19,15137,114790,201
17,2026-02-19,2064,24817,36
18,2026-02-19,106025,1364778,47
19,2026-02-19,2185,20869,207
20,2026-02-19,18860,229617,35
21,2026-02-19,2111,15158,83
22,2026-02-19,12303,141137,142
23,2026-02-19,1954,23673,67
24,2026-02-19,14745,100658,169
25,2026-02-19,2164,23151,22
1,2026-02-20,292502,3143725,45
2,2026-02-20,318398,3510810,169
3,2026-02-20,82488,550577,212
4,2026-02-20,88015,1114320,10
5,2026-02-20,88963,955767,82
6,2026-02-20,63486,715901,152
7,2026-02-20,10824,95950,89
8,2026-02-20,13773,147611,213
9,2026-02-20,15568,204501,21
10,2026-02-20,12583,150287,38
11,2026-02-20,78624,579505,182
12,2026-02-20,364620,2205706,215
13,2026-02-20,424836,5730211,65
14,2026-02-20,13587,105848,98
15,2026-02-20,85702,743480,214
16,2026-02-20,18759,223360,194
17,2026-02-20,1544,15533,77
18,2026-02-20,98572,971489,98
19,2026-02-20,1749,24457,98
20,2026-02-20,10929,74344,145
21,2026-02-20,1471,10554,57
22,2026-02-20,16479,98989,87
23,2026-02-20,1706,15266,173
24,2026-02-20,15805,163075,172
25,2026-02-20,1922,25763,206
1,2026-02-21,134830,1637831,111
2,2026-02-21,135262,1321302,138
3,2026-02-21,30891,228167,130
4,2026-02-21,33217,422394,69
5,2026-02-21,37091,483270,203
6,2026-02-21,38905,405371,113
7,2026-02-21,4263,33653,86
8,2026-02-21,5149,48319,197
9,2026-02-21,5699,71385,28
10,2026-02-21,6084,64775,7
11,2026-02-21,39072,495314,34
12,2026-02-21,147943,1385378,214
13,2026-02-21,159138,1334418,97
14,2026-02-21,5291,60845,66
15,2026-02-21,33741,240591,115
16,2026-02-21,6387,74206,12
17,2026-02-21,902,7504,44
18,2026-02-21,38399,250301,80
19,2026-02-21,806,6799,144
20,2026-02-21,5481,70943,136
21,2026-02-21,830,10110,84
22,2026-02-21,6616,51777,94
23,2026-02-21,792,11014,152
24,2026-02-21,6142,47241,205
25,2026-02-21,568,4192,91
1,2026-02-22,138232,1692229,59
2,2026-02-22,140765,922355,190
3,2026-02-22,30901,395227,204
4,2026-02-22,35437,216696,115
5,2026-02-22,40841,475348,89
6,2026-02-22,38924,502720,28
7,2026-02-22,3853,49327,40
8,2026-02-22,4285,30054,146
9,2026-02-22,4883,46817,85
10,2026-02-22,3884,25436,151
11,2026-02-22,38980,242404,30
12,2026-02-22,172276,1481659,178
13,2026-02-22,138857,1328919,27
14,2026-02-22,3711,27285,107
15,2026-02-22,38569,253265,96
16,2026-02-22,5091,32140,135
17,2026-02-22,877,9489,29
18,2026-02-22,31036,265627,5
19,2026-02-22,524,5338,124
20,2026-02-22,5243,62467,56
21,2026-02-22,591,7277,41
22,2026-02-22,4682,51664,160
23,2026-02-22,694,6303,20
24,2026-02-22,5156,53543,172
25,2026-02-22,841,11278,12
1,2026-02-23,421206,4453857,128
2,2026-02-23,298148,3638829,101
3,2026-02-23,116189,1085564,24
4,2026-02-23,74497,894224,100
5,2026-02-23,85489,965191,131
6,2026-02-23,64757,536993,114
7,2026-02-23,16488,120496,125
8,2026-02-23,18231,125914,185
9,2026-02-23,11123,130547,135
10,2026-02-23,18053,118133,10
11,2026-02-23,115619,1520733,23
12,2026-02-23,410301,4110130,85
13,2026-02-23,465599,4401850,98
14,2026-02-23,16738,230341,32
15,2026-02-23,70352,891346,26
16,2026-02-23,18618,170887,174
17,2026-02-23,2527,16479,154
18,2026-02-23,103794,1365081,18
19,2026-02-23,2387,17993,14
20,2026-02-23,16090,147166,78
21,2026-02-23,2161,26588,182
22,2026-02-23,12020,80323,215
23,2026-02-23,2119,21435,132
24,2026-02-23,18301,115047,83
25,2026-02-23,1918,16693,113
1,2026-02-24,426693,3467160,213
2,2026-02-24,328610,2441221,185
3,2026-02-24,72124,843815,205
4,2026-02-24,90726,555937,122
5,2026-02-24,83266,935531,99
6,2026-02-24,116370,1623093,208
7,2026-02-24,17077,176571,106
8,2026-02-24,15908,218808,22
9,2026-02-24,14049,165634,65
10,2026-02-24,13526,186232,16
11,2026-02-24,75239,798010,6
12,2026-02-24,303271,3935387,86
13,2026-02-24,292198,2326148,196
14,2026-02-24,15642,134090,179
15,2026-02-24,69727,551859,66
16,2026-02-24,13641,89710,35
17,2026-02-24,2454,15206,92
18,2026-02-24,67744,811144,123
19,2026-02-24,2234,16888,208
20,2026-02-24,16997,182706,79
21,2026-02-24,1488,18296,212
22,2026-02-24,15915,113522,95
23,2026-02-24,1796,19441,157
24,2026-02-24,15051,133148,201
25,2026-02-24,1933,15569,155
1,2026-02-25,383156,3535824,21
2,2026-02-25,472938,6325445,118
3,2026-02-25,73939,807363,86
4,2026-02-25,93163,563934,48
5,2026-02-25,75373,944601,69
6,2026-02-25,79856,935923,209
7,2026-02-25,16379,191087,66
8,2026-02-25,17653,220430,6
9,2026-02-25,12145,107018,186
10,2026-02-25,12771,119360,174
11,2026-02-25,67561,842796,64
12,2026-02-25,366738,3838650,74
13,2026-02-25,296763,2024913,152
14,2026-02-25,14769,94150,97
15,2026-02-25,86518,1201523,127
16,2026-02-25,14423,161637,133
17,2026-02-25,2442,28515,23
18,2026-02-25,86555,605367,138
19,2026-02-25,2132,27749,184
20,2026-02-25,13157,176244,173
21,2026-02-25,1638,15824,124
22,2026-02-25,11753,119545,152
23,2026-02-25,2508,32057,179
24,2026-02-25,12115,145068,66
25,2026-02-25,2355,18438,104
1,2026-02-26,440032,5060981,63
2,2026-02-26,434943,5402839,149
3,2026-02-26,114175,1261627,69
4,2026-02-26,111440,1426287,97
5,2026-02-26,112561,1351377,53
6,2026-02-26,86917,777847,59
7,2026-02-26,12050,133906,144
8,2026-02-26,19060,250008,131
9,2026-02-26,18126,129628,181
10,2026-02-26,16121,195039,153
11,2026-02-26,110141,980122,184
12,2026-02-26,430808,4763664,67
13,2026-02-26,445245,3302133,7
14,2026-02-26,17923,206846,94
15,2026-02-26,101625,1273751,67
16,2026-02-26,19463,263507,50
17,2026-02-26,2014,20667,74
18,2026-02-26,116802,856324,56
19,2026-02-26,2206,18734,101
20,2026-02-26,14652,93635,125
21,2026-02-26,1812,14161,219
22,2026-02-26,12134,84088,203
23,2026-02-26,2464,25446,4
24,2026-02-26,12090,87487,138
25,2026-02-26,1914,21134,202
1,2026-02-27,318061,2771838,139
2,2026-02-27,441271,3334822,86
3,2026-02-27,70071,449812,214
4,2026-02-27,111599,1387259,52
5,2026-02-27,103797,944763,153
6,2026-02-27,76886,856904,189
7,2026-02-27,19164,168075,100
8,2026-02-27,12351,129697,174
9,2026-02-27,12328,124862,70
10,2026-02-27,11470,105203,18
11,2026-02-27,68958,423028,78
12,2026-02-27,426196,5477278,192
13,2026-02-27,450065,6086880,46
14,2026-02-27,18758,228687,213
15,2026-02-27,90507,590576,130
16,2026-02-27,14334,198968,61
17,2026-02-27,1411,11439,152
18,2026-02-27,94819,1022348,182
19,2026-02-27,1989,23104,215
20,2026-02-27,16540,193510,202
21,2026-02-27,1965,18022,137
22,2026-02-27,18223,162198,17
23,2026-02-27,2354,16199,176
24,2026-02-27,16406,121999,19
25,2026-02-27,1981,26090,129
1,2026-02-28,113027,944619,26
2,2026-02-28,116594,1610824,116
3,2026-02-28,33386,309881,212
4,2026-02-28,22464,180567,159
5,2026-02-28,35039,387481,42
6,2026-02-28,28774,196522,160
7,2026-02-28,6750,52593,192
8,2026-02-28,5299,33132,109
9,2026-02-28,5355,65602,69
10,2026-02-28,6124,71648,51
11,2026-02-28,24174,231814,107
12,2026-02-28,133990,1428789,190
13,2026-02-28,102926,723586,16
14,2026-02-28,3852,29998,25
15,2026-02-28,25667,181996,183
16,2026-02-28,4037,54620,98
17,2026-02-28,846,6477,53
18,2026-02-28,31663,194430,117
19,2026-02-28,739,10058,27
20,2026-02-28,6513,53599,99
21,2026-02-28,649,3998,83
22,2026-02-28,6362,52088,184
23,2026-02-28,707,7938,18
24,2026-02-28,4360,31954,172
25,2026-02-28,501,3539,109
1,2026-03-01,157509,1918751,131
2,2026-03-01,161985,2009039,146
3,2026-03-01,29931,352442,38
4,2026-03-01,32011,412476,15
5,2026-03-01,34597,374997,114
6,2026-03-01,36113,264098,104
7,2026-03-01,5286,43953,33
8,2026-03-01,4548,49160,44
9,2026-03-01,5573,44684,5
10,2026-03-01,6191,76206,125
11,2026-03-01,38744,272927,5
12,2026-03-01,173440,2272457,80
13,2026-03-01,158515,1861435,209
14,2026-03-01,5349,73332,76
15,2026-03-01,23946,204429,166
16,2026-03-01,6226,71720,37
17,2026-03-01,574,5659,163
18,2026-03-01,26140,195173,133
19,2026-03-01,499,6975,138
20,2026-03-01,6718,67327,35
21,2026-03-01,564,4861,15
22,2026-03-01,6041,38634,6
23,2026-03-01,666,4113,133
24,2026-03-01,6308,41652,100
25,2026-03-01,761,7583,183
1,2026-03-02,300704,2374723,49
2,2026-03-02,367655,2221793,107
3,2026-03-02,74154,800962,79
4,2026-03-02,77973,724343,138
5,2026-03-02,63119,599994,33
6,2026-03-02,75371,957037,153
7,2026-03-02,17772,241128,88
8,2026-03-02,18425,127932,138
9,2026-03-02,10830,134803,96
10,2026-03-02,17534,151486,185
11,2026-03-02,92334,1212029,107
12,2026-03-02,380621,4224603,172
13,2026-03-02,489067,4881915,112
14,2026-03-02,15025,180631,156
15,2026-03-02,95328,599997,159
16,2026-03-02,13118,167723,123
17,2026-03-02,2466,23005,138
18,2026-03-02,99549,1341152,90
19,2026-03-02,1996,22859,200
20,2026-03-02,13884,130709,93
21,2026-03-02,2127,13945,148
22,2026-03-02,16058,122079,90
23,2026-03-02,1975,16610,119
24,2026-03-02,19347,230352,188
25,2026-03-02,2251,24851,79
1,2026-03-03,316550,2631706,121
2,2026-03-03,303544,1850982,26
3,2026-03-03,84181,1156529,111
4,2026-03-03,82615,1017161,18
5,2026-03-03,105563,913654,74
6,2026-03-03,63895,884672,118
7,2026-03-03,17370,214473,208
8,2026-03-03,10789,84068,133
9,2026-03-03,17647,111322,189
10,2026-03-03,12970,178547,185
11,2026-03-03,107761,928557,122
12,2026-03-03,331096,4571946,45
13,2026-03-03,352577,3940488,38
14,2026-03-03,14932,200076,53
15,2026-03-03,77869,867305,140
16,2026-03-03,15248,102769,74
17,2026-03-03,2450,17825,209
18,2026-03-03,102441,1012890,67
19,2026-03-03,1704,22781,60
20,2026-03-03,14579,174962,125
21,2026-03-03,1807,14577,20
22,2026-03-03,12578,112363,8
23,2026-03-03,2445,29892,156
24,2026-03-03,19484,263611,69
25,2026-03-03,1861,23177,7
1,2026-03-04,483711,6340540,104
2,2026-03-04,435078,5986412,34
3,2026-03-04,82488,896275,26
4,2026-03-04,77591,786567,42
5,2026-03-04,82752,579700,209
6,2026-03-04,94630,842554,115
7,2026-03-04,18616,164270,149
8,2026-03-04,18490,247296,89
9,2026-03-04,11497,160023,196
10,2026-03-04,11354,69813,110
11,2026-03-04,87128,685984,148
12,2026-03-04,454006,4037688,121
13,2026-03-04,290991,3060129,142
14,2026-03-04,15490,205080,176
15,2026-03-04,94512,755095,60
16,2026-03-04,17012,222111,61
17,2026-03-04,2342,23381,131
18,2026-03-04,99670,868358,98
19,2026-03-04,1758,20266,30
20,2026-03-04,17022,111151,88
21,2026-03-04,1628,18000,40
22,2026-03-04,16646,156976,132
23,2026-03-04,1526,18422,192
24,2026-03-04,11581,79397,103
25,2026-03-04,2098,18361,3
1,2026-03-05,291383,2723969,101
2,2026-03-05,420079,3251645,78
3,2026-03-05,72990,633507,55
4,2026-03-05,67538,607772,179
5,2026-03-05,106117,659202,163
6,2026-03-05,100986,607151,209
7,2026-03-05,15131,168847,155
8,2026-03-05,10783,149526,106
9,2026-03-05,15482,129904,202
10,2026-03-05,14541,145519,116
11,2026-03-05,71625,681466,151
12,2026-03-05,518624,4075187,104
13,2026-03-05,299511,2818525,144
14,2026-03-05,12155,92170,46
15,2026-03-05,93941,1064036,194
16,2026-03-05,12805,169603,213
17,2026-03-05,1609,20381,63
18,2026-03-05,81245,717915,165
19,2026-03-05,1432,9165,199
20,2026-03-05,18623,168606,118
21,2026-03-05,2162,20910,140
22,2026-03-05,17448,168649,202
23,2026-03-05,2215,22774,103
24,2026-03-05,15253,207651,167
25,2026-03-05,1497,9139,95
1,2026-03-06,413495,2567055,188
2,2026-03-06,489751,3007478,11
3,2026-03-06,92644,790618,3
4,2026-03-06,113710,1055375,4
5,2026-03-06,79876,591510,204
6,2026-03-06,111062,1266861,126
7,2026-03-06,17629,155744,145
8,2026-03-06,13395,163836,164
9,2026-03-06,12798,131703,128
10,2026-03-06,11213,92146,37
11,2026-03-06,115562,953156,186
12,2026-03-06,488819,4146117,71
13,2026-03-06,304895,3345251,182
14,2026-03-06,13822,126746,123
15,2026-03-06,71621,712551,146
16,2026-03-06,10841,127484,72
17,2026-03-06,1661,11168,179
18,2026-03-06,105694,794761,158
19,2026-03-06,1752,24298,134
20,2026-03-06,13388,90642,150
21,2026-03-06,2354,20352,66
22,2026-03-06,14127,140919,199
23,2026-03-06,2488,28339,191
24,2026-03-06,13123,112057,168
25,2026-03-06,2419,31345,202
1,2026-03-07,122120,1342605,43
2,2026-03-07,179604,1323246,187
3,2026-03-07,26883,327064,205
4,2026-03-07,24749,315929,132
5,2026-03-07,39238,530971,164
6,2026-03-07,29107,239946,144
7,2026-03-07,5385,51779,105
8,2026-03-07,4252,31649,167
9,2026-03-07,6584,86605,12
10,2026-03-07,5510,68095,100
11,2026-03-07,36270,469681,31
12,2026-03-07,170216,2340556,157
13,2026-03-07,153320,1041629,219
14,2026-03-07,6815,85807,168
15,2026-03-07,22848,235743,154
16,2026-03-07,5527,73159,213
17,2026-03-07,514,3680,150
18,2026-03-07,39086,349213,24
19,2026-03-07,556,3726,106
20,2026-03-07,6433,76101,118
21,2026-03-07,596,4204,192
22,2026-03-07,3724,33853,55
23,2026-03-07,826,10816,93
24,2026-03-07,5694,44604,46
25,2026-03-07,817,9652,60
1,2026-03-08,171913,1053748,85
2,2026-03-08,104878,1384073,174
3,2026-03-08,39377,316592,132
4,2026-03-08,33184,358883,56
5,2026-03-08,28260,388649,136
6,2026-03-08,26486,267024,88
7,2026-03-08,5559,50868,122
8,2026-03-08,5591,55378,108
9,2026-03-08,5721,62023,201
10,2026-03-08,6018,79517,148
11,2026-03-08,33114,375064,90
12,2026-03-08,173524,2181826,97
13,2026-03-08,133212,1802840,201
14,2026-03-08,6168,41415,71
15,2026-03-08,25685,311008,169
16,2026-03-08,4844,54576,123
17,2026-03-08,681,8371,131
18,2026-03-08,37093,470857,173
19,2026-03-08,494,5024,48
20,2026-03-08,5899,65612,42
21,2026-03-08,680,8184,10
22,2026-03-08,5853,47833,123
23,2026-03-08,851,11574,146
24,2026-03-08,5563,64693,47
25,2026-03-08,698,4392,196
1,2026-03-09,482501,3063087,95
2,2026-03-09,436996,4624456,176
3,2026-03-09,78150,606049,84
4,2026-03-09,82043,516415,208
5,2026-03-09,105160,709558,5
6,2026-03-09,107614,656280,179
7,2026-03-09,14803,127900,211
8,2026-03-09,19261,258559,155
9,2026-03-09,12164,155142,194
10,2026-03-09,15334,112543,162
11,2026-03-09,112926,867570,176
12,2026-03-09,440264,5883230,117
13,2026-03-09,468734,4826372,171
14,2026-03-09,11445,107461,122
15,2026-03-09,113653,1131850,205
16,2026-03-09,18249,184033,103
17,2026-03-09,2565,32101,71
18,2026-03-09,74862,665192,80
19,2026-03-09,2427,22963,25
20,2026-03-09,13070,155693,204
21,2026-03-09,2305,19265,128
22,2026-03-09,12309,152035,104
23,2026-03-09,2303,14984,216
24,2026-03-09,15348,146883,125
25,2026-03-09,1439,18216,178
1,2026-03-10,314724,4296523,147
2,2026-03-10,403033,4948151,91
3,2026-03-10,81207,825902,146
4,2026-03-10,100218,1390697,22
5,2026-03-10,116447,704269,53
6,2026-03-10,98377,916903,83
7,2026-03-10,17159,162144,24
8,2026-03-10,12397,142233,181
9,2026-03-10,18713,124039,185
10,2026-03-10,18236,114417,149
11,2026-03-10,65436,904577,170
12,2026-03-10,433329,5317424,91
13,2026-03-10,320480,3671777,37
14,2026-03-10,15767,152222,104
15,2026-03-10,92480,615965,192
16,2026-03-10,18652,243807,178
17,2026-03-10,2447,20871,172
18,2026-03-10,79336,615132,56
19,2026-03-10,1542,12584,68
20,2026-03-10,16393,204912,50
21,2026-03-10,2546,19288,183
22,2026-03-10,18619,242817,73
23,2026-03-10,2507,25079,131
24,2026-03-10,16294,201318,216
25,2026-03-10,2188,17420,188
1,2026-03-11,391678,2172713,198
2,2026-03-11,389856,1273057,96
3,2026-03-11,98684,325351,88
4,2026-03-11,113741,644876,113
5,2026-03-11,83649,476985,64
6,2026-03-11,71455,221762,18
7,2026-03-11,13191,71130,195
8,2026-03-11,13750,73189,156
9,2026-03-11,18623,73457,50
10,2026-03-11,17417,85698,40
11,2026-03-11,111965,391212,165
12,2026-03-11,307037,1426823,41
13,2026-03-11,361759,1418053,27
14,2026-03-11,12597,59640,7
15,2026-03-11,112977,515456,185
16,2026-03-11,12150,74997,186
17,2026-03-11,1703,9234,138
18,2026-03-11,105527,440767,197
19,2026-03-11,1629,8906,158
20,2026-03-11,12779,38035,12
21,2026-03-11,2373,7018,170
22,2026-03-11,12834,39452,90
23,2026-03-11,1429,8998,114
24,2026-03-11,11381,56727,68
25,2026-03-11,2350,9832,154
1,2026-03-12,389680,6826707,213
2,2026-03-12,418052,6451545,196
3,2026-03-12,99775,1916294,86
4,2026-03-12,112508,1595196,143
5,2026-03-12,71794,1559468,187
6,2026-03-12,101915,2168432,62
7,2026-03-12,14163,210163,171
8,2026-03-12,10515,160952,150
9,2026-03-12,11937,118704,218
10,2026-03-12,11363,241897,34
11,2026-03-12,104859,1182406,88
12,2026-03-12,349149,5806984,21
13,2026-03-12,493440,6618195,213
14,2026-03-12,17484,240326,96
15,2026-03-12,91298,2005056,191
16,2026-03-12,19264,391518,4
17,2026-03-12,2439,53555,119
18,2026-03-12,98669,2148328,182
19,2026-03-12,1582,33368,60
20,2026-03-12,12870,175540,127
21,2026-03-12,1444,28132,209
22,2026-03-12,15965,184982,30
23,2026-03-12,2450,44852,175
24,2026-03-12,14388,299256,42
25,2026-03-12,2211,44817,9
1,2026-03-13,299430,2652431,146
2,2026-03-13,331303,3107533,115
3,2026-03-13,82578,608097,185
4,2026-03-13,114153,1199477,121
5,2026-03-13,101873,1028580,82
6,2026-03-13,98753,1030009,80
7,2026-03-13,16182,131509,173
8,2026-03-13,13126,87707,150
9,2026-03-13,13871,94246,178
10,2026-03-13,15788,207714,14
11,2026-03-13,79971,707283,34
12,2026-03-13,311829,2217144,207
13,2026-03-13,506644,4382457,52
14,2026-03-13,17040,217602,95
15,2026-03-13,111887,931598,117
16,2026-03-13,19437,134253,53
17,2026-03-13,2271,28206,13
18,2026-03-13,111158,892343,106
19,2026-03-13,1821,22161,206
20,2026-03-13,12364,173022,187
21,2026-03-13,1411,15577,174
22,2026-03-13,14917,192014,5
23,2026-03-13,1469,11628,217
24,2026-03-13,11254,116069,28
25,2026-03-13,1975,14103,198
1,2026-03-14,122157,1587834,184
2,2026-03-14,156218,1916487,81
3,2026-03-14,37427,384124,65
4,2026-03-14,35315,432001,15
5,2026-03-14,35050,431863,157
6,2026-03-14,33050,214334,144
7,2026-03-14,3702,39130,154
8,2026-03-14,4635,58949,5
9,2026-03-14,6146,65519,158
10,2026-03-14,5025,52950,153
11,2026-03-14,32818,333919,77
12,2026-03-14,106630,745406,70
13,2026-03-14,172545,1664212,167
14,2026-03-14,4827,48024,4
15,2026-03-14,22240,228526,184
16,2026-03-14,4995,57370,190
17,2026-03-14,801,6744,138
18,2026-03-14,23048,241076,64
19,2026-03-14,879,5830,94
20,2026-03-14,6355,70169,14
21,2026-03-14,841,6230,124
22,2026-03-14,3764,38400,120
23,2026-03-14,667,9155,106
24,2026-03-14,5733,73441,186
25,2026-03-14,635,7025,120
1,2026-03-15,179512,2503644,106
2,2026-03-15,159984,1104620,186
3,2026-03-15,26945,181540,113
4,2026-03-15,33675,400986,99
5,2026-03-15,25850,195631,34
6,2026-03-15,32137,423787,60
7,2026-03-15,6745,75873,195
8,2026-03-15,4429,52758,10
9,2026-03-15,4478,62519,170
10,2026-03-15,4089,29357,134
11,2026-03-15,23337,200326,181
12,2026-03-15,153660,1261451,119
13,2026-03-15,130872,1501621,8
14,2026-03-15,3831,48575,41
15,2026-03-15,37834,394428,189
16,2026-03-15,4759,37885,205
17,2026-03-15,645,5226,31
18,2026-03-15,22465,278552,148
19,2026-03-15,513,3361,72
20,2026-03-15,6589,80542,11
21,2026-03-15,641,5897,74
22,2026-03-15,4719,42205,44
23,2026-03-15,490,4432,192
24,2026-03-15,6705,65849,201
25,2026-03-15,889,12379,118
1,2026-03-16,474301,6435213,31
2,2026-03-16,407055,3841704,77
3,2026-03-16,64983,593475,203
4,2026-03-16,84200,512086,35
5,2026-03-16,116846,989936,118
6,2026-03-16,80972,1028284,19
7,2026-03-16,12525,78936,63
8,2026-03-16,18822,249019,82
9,2026-03-16,10858,138532,88
10,2026-03-16,16280,156111,217
11,2026-03-16,83135,1064501,217
12,2026-03-16,450422,6257398,30
13,2026-03-16,317161,2788844,148
14,2026-03-16,13244,152210,218
15,2026-03-16,80684,1115097,186
16,2026-03-16,18705,235716,219
17,2026-03-16,1755,17051,193
18,2026-03-16,100561,754803,109
19,2026-03-16,2228,24354,22
20,2026-03-16,11651,76208,170
21,2026-03-16,1435,17689,56
22,2026-03-16,12955,136605,106
23,2026-03-16,2428,27250,34
24,2026-03-16,14876,163334,213
25,2026-03-16,1456,13638,133
1,2026-03-17,426935,5713043,35
2,2026-03-17,514080,6472884,106
3,2026-03-17,81028,681750,6
4,2026-03-17,112656,916029,41
5,2026-03-17,87633,528538,181
6,2026-03-17,108756,1199856,92
7,2026-03-17,11165,92560,28
8,2026-03-17,17252,117199,21
9,2026-03-17,12460,95501,46
10,2026-03-17,15519,95187,18
11,2026-03-17,113256,1361769,148
12,2026-03-17,292793,3280294,183
13,2026-03-17,304518,1848419,207
14,2026-03-17,17832,191393,180
15,2026-03-17,86852,1160582,76
16,2026-03-17,11017,70939,172
17,2026-03-17,2498,30909,147
18,2026-03-17,72104,541740,34
19,2026-03-17,2427,27669,145
20,2026-03-17,12761,124363,201
21,2026-03-17,2498,16891,69
22,2026-03-17,14720,183323,156
23,2026-03-17,2134,19280,6
24,2026-03-17,16797,157905,196
25,2026-03-17,1831,12267,77
1,2026-03-18,353836,3092988,166
2,2026-03-18,310306,2150447,119
3,2026-03-18,86322,629002,157
4,2026-03-18,92066,1048661,107
5,2026-03-18,79434,1083057,177
6,2026-03-18,89722,624468,136
7,2026-03-18,12589,102238,215
8,2026-03-18,11744,152813,60
9,2026-03-18,18789,229049,58
10,2026-03-18,15736,217073,27
11,2026-03-18,92172,1071936,29
12,2026-03-18,286875,2982472,36
13,2026-03-18,466342,5854715,94
14,2026-03-18,14298,186330,19
15,2026-03-18,97354,1326151,67
16,2026-03-18,14378,171901,70
17,2026-03-18,2188,25226,121
18,2026-03-18,69730,574118,212
19,2026-03-18,1990,23126,87
20,2026-03-18,18710,232704,13
21,2026-03-18,2130,15501,134
22,2026-03-18,19149,115770,8
23,2026-03-18,2316,25794,103
24,2026-03-18,13771,96559,47
25,2026-03-18,2178,15769,104
1,2026-03-19,286852,2459738,124
2,2026-03-19,519412,6198987,137
3,2026-03-19,114883,803550,42
4,2026-03-19,95652,1030069,162
5,2026-03-19,103948,1358883,121
6,2026-03-19,93476,689923,49
7,2026-03-19,18975,151192,190
8,2026-03-19,10510,142503,219
9,2026-03-19,17286,141337,58
10,2026-03-19,17824,234604,65
11,2026-03-19,87824,919142,48
12,2026-03-19,299782,2061728,42
13,2026-03-19,363594,3107977,107
14,2026-03-19,11433,129193,187
15,2026-03-19,112864,1361417,107
16,2026-03-19,13559,125039,210
17,2026-03-19,1784,12474,174
18,2026-03-19,116614,790786,125
19,2026-03-19,2380,25766,30
20,2026-03-19,14399,161528,20
21,2026-03-19,1875,17107,184
22,2026-03-19,16163,160444,49
23,2026-03-19,1909,22980,90
24,2026-03-19,18563,169459,50
25,2026-03-19,2331,27192,86
1,2026-03-20,495828,3574646,133
2,2026-03-20,322683,2873112,39
3,2026-03-20,109666,1410779,111
4,2026-03-20,114715,1074119,216
5,2026-03-20,85137,777725,141
6,2026-03-20,116586,721287,59
7,2026-03-20,18316,248946,83
8,2026-03-20,15347,128825,149
9,2026-03-20,15501,131874,90
10,2026-03-20,15864,111995,94
11,2026-03-20,86938,862117,132
12,2026-03-20,354197,2390700,165
13,2026-03-20,288989,2882098,37
14,2026-03-20,15375,145407,207
15,2026-03-20,87406,825890,208
16,2026-03-20,14041,91787,98
17,2026-03-20,1836,13950,36
18,2026-03-20,93711,580998,145
19,2026-03-20,2465,32788,73
20,2026-03-20,11318,141899,31
21,2026-03-20,1737,11990,175
22,2026-03-20,17465,105523,20
23,2026-03-20,2466,17614,115
24,2026-03-20,16936,134629,24
25,2026-03-20,2334,32320,111
1,2026-03-21,141974,1247380,79
2,2026-03-21,170528,2204456,214
3,2026-03-21,25539,352739,109
4,2026-03-21,24001,154893,143
5,2026-03-21,25414,267482,45
6,2026-03-21,37578,385744,31
7,2026-03-21,5515,69849,203
8,2026-03-21,3920,31382,22
9,2026-03-21,5868,46899,182
10,2026-03-21,3688,22717,31
11,2026-03-21,37453,454253,211
12,2026-03-21,175147,1672531,78
13,2026-03-21,136142,1367117,47
14,2026-03-21,6779,92293,97
15,2026-03-21,34915,452786,215
16,2026-03-21,4804,35169,32
17,2026-03-21,787,10363,74
18,2026-03-21,27102,245560,215
19,2026-03-21,714,4850,9
20,2026-03-21,5356,73158,208
21,2026-03-21,800,5061,139
22,2026-03-21,3798,39161,120
23,2026-03-21,596,8299,127
24,2026-03-21,6196,38148,165
25,2026-03-21,626,8572,59
1,2026-03-22,134175,846898,52
2,2026-03-22,116220,1609788,113
3,2026-03-22,32225,434141,58
4,2026-03-22,27445,342209,208
5,2026-03-22,33559,360662,97
6,2026-03-22,33622,217069,216
7,2026-03-22,4578,50547,176
8,2026-03-22,3953,32175,156
9,2026-03-22,4167,52984,27
10,2026-03-22,3976,51131,140
11,2026-03-22,37901,314265,164
12,2026-03-22,179139,1343666,79
13,2026-03-22,134940,1710007,100
14,2026-03-22,5898,61947,59
15,2026-03-22,35347,408526,143
16,2026-03-22,5882,43819,145
17,2026-03-22,577,4915,68
18,2026-03-22,34250,283541,5
19,2026-03-22,678,4109,114
20,2026-03-22,4086,56132,155
21,2026-03-22,513,6128,177
22,2026-03-22,6476,71530,8
23,2026-03-22,805,5261,133
24,2026-03-22,6668,62928,136
25,2026-03-22,833,8518,101
1,2026-03-23,442482,5205815,105
2,2026-03-23,287498,2072735,146
3,2026-03-23,84933,759482,9
4,2026-03-23,97867,1077215,89
5,2026-03-23,74981,755355,176
6,2026-03-23,65780,697658,138
7,2026-03-23,18269,157947,59
8,2026-03-23,13556,111011,116
9,2026-03-23,14692,154410,22
10,2026-03-23,19291,197283,29
11,2026-03-23,64007,560448,157
12,2026-03-23,472886,4393136,44
13,2026-03-23,309862,4253012,172
14,2026-03-23,17103,158302,125
15,2026-03-23,83804,520534,135
16,2026-03-23,16898,156321,9
17,2026-03-23,1727,13768,173
18,2026-03-23,65914,398670,180
19,2026-03-23,2214,25718,120
20,2026-03-23,15896,105529,103
21,2026-03-23,1435,19319,7
22,2026-03-23,12354,146755,141
23,2026-03-23,1741,20638,190
24,2026-03-23,12327,117327,184
25,2026-03-23,2061,18503,190
1,2026-03-24,377683,2953143,54
2,2026-03-24,371913,4129440,119
3,2026-03-24,83481,602758,105
4,2026-03-24,81207,784116,37
5,2026-03-24,70428,616094,70
6,2026-03-24,73456,991074,171
7,2026-03-24,16997,179786,123
8,2026-03-24,15145,182585,95
9,2026-03-24,12725,118662,164
10,2026-03-24,19127,199511,185
11,2026-03-24,94376,824978,191
12,2026-03-24,299610,3606621,84
13,2026-03-24,502344,6331181,216
14,2026-03-24,11330,114652,19
15,2026-03-24,90947,736989,203
16,2026-03-24,14912,139715,199
17,2026-03-24,1907,20228,106
18,2026-03-24,112516,1157817,163
19,2026-03-24,1497,19922,95
20,2026-03-24,10635,126272,33
21,2026-03-24,1943,17642,168
22,2026-03-24,10671,79606,57
23,2026-03-24,1963,14024,33
24,2026-03-24,11648,143834,125
25,2026-03-24,2477,25474,152
1,2026-03-25,416381,4124389,42
2,2026-03-25,424296,3797857,164
3,2026-03-25,72433,507588,17
4,2026-03-25,74276,1025596,76
5,2026-03-25,104266,744495,56
6,2026-03-25,100459,1275994,88
7,2026-03-25,12097,124122,89
8,2026-03-25,14945,193344,12
9,2026-03-25,15922,209459,112
10,2026-03-25,10782,81486,60
11,2026-03-25,105497,1450856,7
12,2026-03-25,516439,5047512,25
13,2026-03-25,455193,4794753,180
14,2026-03-25,14027,155931,12
15,2026-03-25,96867,697721,45
16,2026-03-25,15248,196048,45
17,2026-03-25,1639,16399,139
18,2026-03-25,73682,897667,72
19,2026-03-25,2251,20343,106
20,2026-03-25,18193,186934,196
21,2026-03-25,2301,16419,66
22,2026-03-25,12861,166423,74
23,2026-03-25,2580,35077,134
24,2026-03-25,17842,161539,16
25,2026-03-25,2557,19662,97
1,2026-03-26,491769,4156794,39
2,2026-03-26,365999,4238873,73
3,2026-03-26,106423,924634,25
4,2026-03-26,93293,593977,214
5,2026-03-26,67735,644473,189
6,2026-03-26,77340,823513,200
7,2026-03-26,16611,172981,68
8,2026-03-26,15291,210165,150
9,2026-03-26,13582,168260,98
10,2026-03-26,14963,135048,50
11,2026-03-26,79373,640901,64
12,2026-03-26,398633,4211162,177
13,2026-03-26,504040,5397472,171
14,2026-03-26,11218,121154,65
15,2026-03-26,72079,996426,186
16,2026-03-26,15780,194990,37
17,2026-03-26,1444,8781,148
18,2026-03-26,107411,1325136,166
19,2026-03-26,2205,21808,107
20,2026-03-26,12888,161989,122
21,2026-03-26,2172,17752,9
22,2026-03-26,17723,185882,79
23,2026-03-26,1560,15547,153
24,2026-03-26,19141,245074,128
25,2026-03-26,2193,14280,158
1,2026-03-27,296519,2250523,131
2,2026-03-27,290053,2993052,92
3,2026-03-27,90374,1124557,69
4,2026-03-27,101236,1402965,202
5,2026-03-27,82873,1009671,100
6,2026-03-27,92027,1266138,3
7,2026-03-27,11501,105615,109
8,2026-03-27,14664,201214,197
9,2026-03-27,18478,155260,178
10,2026-03-27,16070,178968,93
11,2026-03-27,78252,599760,56
12,2026-03-27,469226,4266343,12
13,2026-03-27,472722,2966750,14
14,2026-03-27,12839,93076,21
15,2026-03-27,102981,1315645,124
16,2026-03-27,17262,121513,91
17,2026-03-27,1486,13412,122
18,2026-03-27,79410,899853,91
19,2026-03-27,2498,33120,202
20,2026-03-27,19164,174509,59
21,2026-03-27,2108,27207,190
22,2026-03-27,12343,92784,79
23,2026-03-27,2066,21227,48
24,2026-03-27,10785,84925,153
25,2026-03-27,1537,18331,26
1,2026-03-28,101303,685480,42
2,2026-03-28,154209,1019028,32
3,2026-03-28,28640,224054,70
4,2026-03-28,36752,476197,114
5,2026-03-28,22619,198743,115
6,2026-03-28,32517,417530,76
7,2026-03-28,5824,58366,74
8,2026-03-28,4841,59855,40
9,2026-03-28,6293,46839,33
10,2026-03-28,4362,53665,206
11,2026-03-28,36356,252192,156
12,2026-03-28,155746,983571,148
13,2026-03-28,106526,1060775,137
14,2026-03-28,4111,41377,74
15,2026-03-28,34768,224275,42
16,2026-03-28,4403,31158,11
17,2026-03-28,567,7437,110
18,2026-03-28,38701,499366,111
19,2026-03-28,668,6964,190
20,2026-03-28,4945,54484,146
21,2026-03-28,785,4959,131
22,2026-03-28,5159,39183,181
23,2026-03-28,776,7040,181
24,2026-03-28,4100,34814,191
25,2026-03-28,524,4162,176
1,2026-03-29,179408,1505923,48
2,2026-03-29,109487,1056789,181
3,2026-03-29,33714,270502,65
4,2026-03-29,32040,321274,156
5,2026-03-29,22075,301485,77
6,2026-03-29,40571,336121,214
7,2026-03-29,4500,30498,69
8,2026-03-29,5274,55337,159
9,2026-03-29,5516,59614,28
10,2026-03-29,3935,44036,215
11,2026-03-29,27396,204104,62
12,2026-03-29,143697,1598197,37
13,2026-03-29,154228,1737491,208
14,2026-03-29,4929,67018,149
15,2026-03-29,22690,283667,194
16,2026-03-29,4975,35561,219
17,2026-03-29,518,6283,216
18,2026-03-29,37060,452688,111
19,2026-03-29,783,8107,44
20,2026-03-29,4247,54814,139
21,2026-03-29,754,5779,178
22,2026-03-29,5385,36325,137
23,2026-03-29,731,5100,83
24,2026-03-29,4632,38328,181
25,2026-03-29,816,11018,172
1,2026-03-30,437273,3598594,155
2,2026-03-30,311005,2479329,201
3,2026-03-30,82315,892488,73
4,2026-03-30,72076,546870,55
5,2026-03-30,116695,853459,53
6,2026-03-30,116153,767825,189
7,2026-03-30,17701,213408,37
8,2026-03-30,17777,218901,115
9,2026-03-30,15053,209731,118
10,2026-03-30,11682,131229,167
11,2026-03-30,114048,1089936,14
12,2026-03-30,298992,3841890,195
13,2026-03-30,401110,3691645,101
14,2026-03-30,13931,177257,53
15,2026-03-30,86174,846834,85
16,2026-03-30,10598,71313,122
17,2026-03-30,2226,20009,152
18,2026-03-30,113556,696720,176
19,2026-03-30,2284,25409,66
20,2026-03-30,11506,78994,89
21,2026-03-30,2577,20492,26
22,2026-03-30,14943,164196,53
23,2026-03-30,2545,20581,58
24,2026-03-30,17296,196659,165
25,2026-03-30,1554,14421,76
1,2026-03-31,518811,4565618,214
2,2026-03-31,398595,3688615,74
3,2026-03-31,68386,813836,85
4,2026-03-31,73697,708919,103
5,2026-03-31,115552,1417103,14
6,2026-03-31,67296,899587,28
7,2026-03-31,10617,77983,56
8,2026-03-31,12628,95502,147
9,2026-03-31,18605,134731,200
10,2026-03-31,13041,157741,28
11,2026-03-31,66080,427350,95
12,2026-03-31,466084,2841271,129
13,2026-03-31,384859,4485340,34
14,2026-03-31,14758,171909,13
15,2026-03-31,94983,1303323,109
16,2026-03-31,14729,130068,98
17,2026-03-31,1986,23250,32
18,2026-03-31,99571,1348111,24
19,2026-03-31,1998,14202,202
20,2026-03-31,19087,258876,99
21,2026-03-31,2413,18455,107
22,2026-03-31,14189,94360,161
23,2026-03-31,2512,23803,171
24,2026-03-31,13732,135439,191
25,2026-03-31,2392,31064,63
1,2026-04-01,336762,4406165,49
2,2026-04-01,474157,5356632,22
3,2026-04-01,106748,809293,126
4,2026-04-01,100165,974430,178
5,2026-04-01,81009,812484,139
6,2026-04-01,102990,1109276,57
7,2026-04-01,17697,186527,20
8,2026-04-01,14486,91938,174
9,2026-04-01,15404,211828,47
10,2026-04-01,19354,243528,90
11,2026-04-01,92721,1201306,62
12,2026-04-01,501375,3423228,67
13,2026-04-01,344257,3869057,148
14,2026-04-01,17301,175116,56
15,2026-04-01,115537,950671,203
16,2026-04-01,13308,114328,164
17,2026-04-01,1409,12712,58
18,2026-04-01,92603,620227,188
19,2026-04-01,1970,19877,134
20,2026-04-01,11117,152905,77
21,2026-04-01,1783,22572,108
22,2026-04-01,18677,179469,182
23,2026-04-01,1523,19174,201
24,2026-04-01,14505,159950,215
25,2026-04-01,2442,20821,12
1,2026-04-02,369981,3711281,145
2,2026-04-02,337593,2729014,94
3,2026-04-02,63938,407569,48
4,2026-04-02,106023,1441330,25
5,2026-04-02,110136,1407058,61
6,2026-04-02,86417,1051528,58
7,2026-04-02,16036,174440,91
8,2026-04-02,12076,152713,22
9,2026-04-02,14038,196016,202
10,2026-04-02,15009,172577,181
11,2026-04-02,85525,534633,157
12,2026-04-02,296353,3888612,173
13,2026-04-02,359922,3741203,19
14,2026-04-02,17227,175718,55
15,2026-04-02,93454,624669,12
16,2026-04-02,11656,87204,185
17,2026-04-02,1444,17514,28
18,2026-04-02,81621,491082,181
19,2026-04-02,2450,27814,76
20,2026-04-02,11814,146455,25
21,2026-04-02,2210,24201,149
22,2026-04-02,15352,177827,8
23,2026-04-02,1804,23773,57
24,2026-04-02,16617,158953,34
25,2026-04-02,2289,30958,105
1,2026-04-03,295269,2598227,207
2,2026-04-03,484829,3350756,204
3,2026-04-03,77242,733847,180
4,2026-04-03,94784,1296275,43
5,2026-04-03,71472,611829,9
6,2026-04-03,103335,1357730,7
7,2026-04-03,18789,144555,76
8,2026-04-03,13442,138037,133
9,2026-04-03,12169,125940,130
10,2026-04-03,17676,232550,42
11,2026-04-03,115186,1059068,130
12,2026-04-03,333744,3318184,172
13,2026-04-03,470239,3719582,177
14,2026-04-03,15158,96590,210
15,2026-04-03,76689,544087,179
16,2026-04-03,16989,158047,43
17,2026-04-03,2114,18922,123
18,2026-04-03,105000,1225839,131
19,2026-04-03,2429,22939,194
20,2026-04-03,11867,156659,219
21,2026-04-03,1734,16667,3
22,2026-04-03,12743,164160,60
23,2026-04-03,2014,13494,60
24,2026-04-03,10866,91816,201
25,2026-04-03,1788,12899,177
1,2026-04-04,141450,1252220,148
2,2026-04-04,163315,1804625,111
3,2026-04-04,37913,325442,181
4,2026-04-04,34768,298750,181
5,2026-04-04,29132,392024,150
6,2026-04-04,35029,421650,31
7,2026-04-04,6482,44023,211
8,2026-04-04,4674,47222,154
9,2026-04-04,6785,57868,161
10,2026-04-04,5086,44444,131
11,2026-04-04,40624,408849,52
12,2026-04-04,135571,1424471,74
13,2026-04-04,113356,1443937,110
14,2026-04-04,6617,50671,189
15,2026-04-04,30022,296418,69
16,2026-04-04,3700,40889,158
17,2026-04-04,896,5891,30
18,2026-04-04,40672,350250,125
19,2026-04-04,847,10146,35
20,2026-04-04,5401,72197,33
21,2026-04-04,636,6478,18
22,2026-04-04,4379,39871,87
23,2026-04-04,589,8229,93
24,2026-04-04,3989,31448,218
25,2026-04-04,764,6459,31
1,2026-04-05,173608,2270515,194
2,2026-04-05,140471,1628010,217
3,2026-04-05,36593,473641,61
4,2026-04-05,37237,341733,76
5,2026-04-05,32295,264845,28
6,2026-04-05,22195,203650,203
7,2026-04-05,5692,69176,182
8,2026-04-05,3695,32176,209
9,2026-04-05,4058,35581,158
10,2026-04-05,6792,41871,183
11,2026-04-05,23726,232842,112
12,2026-04-05,134253,1525888,126
13,2026-04-05,156753,2011031,197
14,2026-04-05,4165,36285,172
15,2026-04-05,22686,298232,80
16,2026-04-05,6766,61472,178
17,2026-04-05,647,4733,194
18,2026-04-05,30258,353749,128
19,2026-04-05,868,9007,84
20,2026-04-05,4100,40063,151
21,2026-04-05,754,4797,48
22,2026-04-05,6354,55438,87
23,2026-04-05,728,8425,3
24,2026-04-05,6732,58986,16
25,2026-04-05,727,6250,37
1,2026-04-06,418111,4195697,34
2,2026-04-06,487045,3169738,196
3,2026-04-06,90452,997981,59
4,2026-04-06,110473,1192568,68
5,2026-04-06,86858,834003,213
6,2026-04-06,111616,1125823,101
7,2026-04-06,13824,107978,182
8,2026-04-06,15889,115269,139
9,2026-04-06,12664,103918,169
10,2026-04-06,10748,86479,47
11,2026-04-06,97627,598443,145
12,2026-04-06,462785,4014684,71
13,2026-04-06,517449,7132086,18
14,2026-04-06,19453,138802,164
15,2026-04-06,85318,744015,121
16,2026-04-06,14382,90437,218
17,2026-04-06,1523,14524,102
18,2026-04-06,98453,818456,23
19,2026-04-06,2220,23297,152
20,2026-04-06,19265,169657,27
21,2026-04-06,2427,24691,151
22,2026-04-06,18352,239214,23
23,2026-04-06,1855,14439,199
24,2026-04-06,18171,182783,86
25,2026-04-06,1679,22468,204
1,2026-04-07,408418,3690392,32
2,2026-04-07,390543,2351821,23
3,2026-04-07,100211,623101,50
4,2026-04-07,63637,501517,32
5,2026-04-07,89429,633680,26
6,2026-04-07,96820,985827,138
7,2026-04-07,17363,113093,92
8,2026-04-07,16820,194820,154
9,2026-04-07,15447,152879,54
10,2026-04-07,16754,174561,24
11,2026-04-07,70297,959636,79
12,2026-04-07,363667,3258173,207
13,2026-04-07,493913,3433048,184
14,2026-04-07,18167,169343,178
15,2026-04-07,82023,955162,160
16,2026-04-07,14328,192071,89
17,2026-04-07,2481,32746,27
18,2026-04-07,63668,482011,103
19,2026-04-07,1874,17525,202
20,2026-04-07,10690,120785,49
21,2026-04-07,2165,20046,107
22,2026-04-07,13724,174417,28
23,2026-04-07,2239,23108,15
24,2026-04-07,16406,112864,217
25,2026-04-07,1538,13546,152
1,2026-04-08,297937,3723522,51
2,2026-04-08,419004,3992090,138
3,2026-04-08,75365,816392,93
4,2026-04-08,75323,1002558,37
5,2026-04-08,73367,872614,165
6,2026-04-08,81111,912367,27
7,2026-04-08,18818,229684,138
8,2026-04-08,18758,219012,5
9,2026-04-08,16710,185055,125
10,2026-04-08,12212,141189,19
11,2026-04-08,91708,760144,8
12,2026-04-08,487464,5645515,170
13,2026-04-08,436839,2881487,42
14,2026-04-08,12622,108215,168
15,2026-04-08,84613,611240,99
16,2026-04-08,14669,172809,198
17,2026-04-08,2070,13923,132
18,2026-04-08,111369,1551811,178
19,2026-04-08,2368,22433,34
20,2026-04-08,17413,233712,151
21,2026-04-08,2433,18514,192
22,2026-04-08,16457,214341,168
23,2026-04-08,2142,15289,121
24,2026-04-08,12905,167336,213
25,2026-04-08,2559,31029,205
1,2026-04-09,445703,5957005,80
2,2026-04-09,307906,3727404,163
3,2026-04-09,101851,908671,7
4,2026-04-09,67518,909972,131
5,2026-04-09,104421,716930,96
6,2026-04-09,111933,918706,78
7,2026-04-09,16730,214868,86
8,2026-04-09,12182,152364,125
9,2026-04-09,16863,228399,66
10,2026-04-09,13752,112633,46
11,2026-04-09,98302,1031864,136
12,2026-04-09,415710,4183462,161
13,2026-04-09,435977,5726304,110
14,2026-04-09,15901,198453,189
15,2026-04-09,91076,581931,164
16,2026-04-09,13830,115453,123
17,2026-04-09,2414,20896,155
18,2026-04-09,66637,416933,85
19,2026-04-09,1838,13153,50
20,2026-04-09,17940,203080,22
21,2026-04-09,1717,18830,182
22,2026-04-09,13310,115499,165
23,2026-04-09,2497,18618,133
24,2026-04-09,15485,177273,62
25,2026-04-09,2469,24638,146
1,2026-04-10,406424,3247849,215
2,2026-04-10,301534,2300633,216
3,2026-04-10,89398,1051570,157
4,2026-04-10,107399,1164700,67
5,2026-04-10,82068,673874,199
6,2026-04-10,70722,425221,107
7,2026-04-10,16567,119213,95
8,2026-04-10,17859,119362,183
9,2026-04-10,14170,101874,108
10,2026-04-10,14740,142846,107
11,2026-04-10,79965,1077703,92
12,2026-04-10,308251,3772421,129
13,2026-04-10,494060,5932409,30
14,2026-04-10,18787,247824,122
15,2026-04-10,108813,848865,172
16,2026-04-10,13340,91894,208
17,2026-04-10,2194,24502,208
18,2026-04-10,114895,1468423,79
19,2026-04-10,2183,22113,91
20,2026-04-10,12998,105825,210
21,2026-04-10,2001,23968,190
22,2026-04-10,12760,105040,98
23,2026-04-10,1444,14562,140
24,2026-04-10,11967,147315,78
25,2026-04-10,2493,24123,212
1,2026-04-11,101698,1123635,79
2,2026-04-11,168293,2268973,25
3,2026-04-11,40570,511901,131
4,2026-04-11,22601,218958,128
5,2026-04-11,31375,334539,8
6,2026-04-11,31797,203951,93
7,2026-04-11,6438,40304,17
8,2026-04-11,4475,41100,35
9,2026-04-11,6362,49828,118
10,2026-04-11,4288,55619,70
11,2026-04-11,35323,258882,149
12,2026-04-11,162872,2158821,183
13,2026-04-11,103908,828307,114
14,2026-04-11,4599,52245,64
15,2026-04-11,38761,425063,121
16,2026-04-11,5282,44399,177
17,2026-04-11,560,7570,63
18,2026-04-11,34450,476048,153
19,2026-04-11,667,5737,158
20,2026-04-11,6527,63367,48
21,2026-04-11,516,4868,93
22,2026-04-11,5557,43892,72
23,2026-04-11,771,8115,150
24,2026-04-11,4465,31299,93
25,2026-04-11,752,8279,11
1,2026-04-12,160293,2226600,113
2,2026-04-12,116213,1093536,37
3,2026-04-12,40811,328142,215
4,2026-04-12,27206,363105,68
5,2026-04-12,28451,303425,182
6,2026-04-12,37883,327359,171
7,2026-04-12,6755,51991,97
8,2026-04-12,4559,27685,78
9,2026-04-12,6414,73288,75
10,2026-04-12,5680,40977,81
11,2026-04-12,25152,191512,30
12,2026-04-12,161455,1121543,195
13,2026-04-12,135575,883866,139
14,2026-04-12,6228,76417,16
15,2026-04-12,26483,227105,72
16,2026-04-12,5501,64984,165
17,2026-04-12,509,6684,171
18,2026-04-12,25758,232737,18
19,2026-04-12,869,9135,178
20,2026-04-12,3859,26868,20
21,2026-04-12,624,8055,213
22,2026-04-12,5885,56723,170
23,2026-04-12,569,4683,93
24,2026-04-12,6102,42061,58
25,2026-04-12,668,5831,142
1,2026-04-13,323014,3150892,139
2,2026-04-13,381869,3540146,117
3,2026-04-13,84384,950686,183
4,2026-04-13,64042,764241,66
5,2026-04-13,81334,927046,199
6,2026-04-13,76304,976760,35
7,2026-04-13,15756,208088,76
8,2026-04-13,18864,186773,99
9,2026-04-13,10880,78379,84
10,2026-04-13,15792,121335,199
11,2026-04-13,93302,742973,29
12,2026-04-13,395821,4914194,106
13,2026-04-13,386262,2664416,175
14,2026-04-13,13180,177276,122
15,2026-04-13,79560,975421,112
16,2026-04-13,10702,113425,146
17,2026-04-13,1938,20416,139
18,2026-04-13,89087,662340,62
19,2026-04-13,1503,13275,211
20,2026-04-13,14908,195005,198
21,2026-04-13,2530,27417,72
22,2026-04-13,17117,211636,138
23,2026-04-13,1768,18241,153
24,2026-04-13,15530,150957,6
25,2026-04-13,2402,18756,162
1,2026-04-14,425613,5227644,35
2,2026-04-14,376783,3988637,157
3,2026-04-14,94294,712625,184
4,2026-04-14,113339,1203202,149
5,2026-04-14,96406,760769,22
6,2026-04-14,99229,632142,129
7,2026-04-14,16486,162219,202
8,2026-04-14,17002,199103,187
9,2026-04-14,12670,150500,43
10,2026-04-14,11818,160870,19
11,2026-04-14,103961,1231780,171
12,2026-04-14,427038,4614236,144
13,2026-04-14,408018,3508288,156
14,2026-04-14,12000,162963,90
15,2026-04-14,102447,949334,49
16,2026-04-14,16653,226326,59
17,2026-04-14,1988,17882,172
18,2026-04-14,67352,888972,131
19,2026-04-14,1876,22093,11
20,2026-04-14,12877,167107,186
21,2026-04-14,2208,27589,27
22,2026-04-14,18376,161338,122
23,2026-04-14,2494,24376,174
24,2026-04-14,17492,140789,119
25,2026-04-14,2406,25879,9
1,2026-04-15,498044,5166318,136
2,2026-04-15,451493,3938205,138
3,2026-04-15,97374,681710,78
4,2026-04-15,84042,1029357,100
5,2026-04-15,64543,732658,70
6,2026-04-15,79041,811277,17
7,2026-04-15,17494,120773,71
8,2026-04-15,12371,143780,183
9,2026-04-15,19101,218485,30
10,2026-04-15,17217,170432,31
11,2026-04-15,75098,798940,194
12,2026-04-15,497836,6475310,159
13,2026-04-15,488691,5371064,65
14,2026-04-15,19331,195931,205
15,2026-04-15,111197,1548248,101
16,2026-04-15,15356,186598,26
17,2026-04-15,1529,21280,144
18,2026-04-15,86037,1186228,112
19,2026-04-15,2494,22558,50
20,2026-04-15,12278,137891,71
21,2026-04-15,2140,14263,189
22,2026-04-15,16497,101531,59
23,2026-04-15,1488,10438,112
24,2026-04-15,15058,138166,155
25,2026-04-15,1756,24483,207
1,2026-04-16,303739,2319307,116
2,2026-04-16,343194,2793984,125
3,2026-04-16,96895,1153873,206
4,2026-04-16,78386,854333,185
5,2026-04-16,116056,910369,49
6,2026-04-16,94177,901748,101
7,2026-04-16,17856,230209,204
8,2026-04-16,16000,121419,133
9,2026-04-16,11231,72726,124
10,2026-04-16,14501,170979,171
11,2026-04-16,112023,1109230,217
12,2026-04-16,460581,3811645,117
13,2026-04-16,462930,3281873,4
14,2026-04-16,13194,138527,3
15,2026-04-16,88537,883851,155
16,2026-04-16,16419,214837,112
17,2026-04-16,2075,20599,25
18,2026-04-16,98173,1176228,24
19,2026-04-16,1910,17714,132
20,2026-04-16,11091,83036,48
21,2026-04-16,2107,29301,146
22,2026-04-16,13671,157581,132
23,2026-04-16,2224,21074,94
24,2026-04-16,18089,182538,208
25,2026-04-16,1906,25786,34
1,2026-04-17,334106,2877931,95
2,2026-04-17,507334,6989756,128
3,2026-04-17,106614,1425648,123
4,2026-04-17,84833,874940,186
5,2026-04-17,98629,1058393,167
6,2026-04-17,103880,1416318,112
7,2026-04-17,12586,97772,44
8,2026-04-17,18253,183988,31
9,2026-04-17,13810,114516,165
10,2026-04-17,15065,201741,137
11,2026-04-17,92948,824689,111
12,2026-04-17,440788,3126246,62
13,2026-04-17,507727,6089561,152
14,2026-04-17,12403,167551,170
15,2026-04-17,68004,576184,179
16,2026-04-17,17758,160272,160
17,2026-04-17,1953,12272,63
18,2026-04-17,84743,767480,16
19,2026-04-17,1673,13544,21
20,2026-04-17,14669,123121,40
21,2026-04-17,2359,16164,157
22,2026-04-17,15501,172565,113
23,2026-04-17,2311,21871,10
24,2026-04-17,17979,169129,152
25,2026-04-17,2104,23881,65
1,2026-04-18,131804,812521,163
2,2026-04-18,176660,1091163,92
3,2026-04-18,33243,290777,132
4,2026-04-18,40272,284192,24
5,2026-04-18,37965,262078,199
6,2026-04-18,32567,335556,32
7,2026-04-18,3710,30026,183
8,2026-04-18,6165,49278,46
9,2026-04-18,5439,74017,73
10,2026-04-18,5724,64799,81
11,2026-04-18,23826,259230,58
12,2026-04-18,98463,1065849,191
13,2026-04-18,179842,1918325,14
14,2026-04-18,3836,51773,77
15,2026-04-18,24022,254606,158
16,2026-04-18,6141,45275,27
17,2026-04-18,622,6855,28
18,2026-04-18,23405,177052,180
19,2026-04-18,850,9625,33
20,2026-04-18,6676,46772,52
21,2026-04-18,834,7329,211
22,2026-04-18,5615,78167,192
23,2026-04-18,537,4600,110
24,2026-04-18,3735,34509,47
25,2026-04-18,571,5831,51
1,2026-04-19,123628,838806,37
2,2026-04-19,163826,2027687,123
3,2026-04-19,35212,403244,21
4,2026-04-19,22612,249405,93
5,2026-04-19,30333,224102,12
6,2026-04-19,36651,319230,8
7,2026-04-19,5824,78786,40
8,2026-04-19,6620,91998,86
9,2026-04-19,5311,58215,169
10,2026-04-19,3686,36813,191
11,2026-04-19,29812,282588,160
12,2026-04-19,116262,1023148,22
13,2026-04-19,171291,2119096,181
14,2026-04-19,4231,33084,167
15,2026-04-19,32098,223090,88
16,2026-04-19,5525,51675,146
17,2026-04-19,735,7953,128
18,2026-04-19,33299,462441,86
19,2026-04-19,837,8621,144
20,2026-04-19,3723,36317,216
21,2026-04-19,859,11560,180
22,2026-04-19,6471,74711,184
23,2026-04-19,786,9734,74
24,2026-04-19,5248,68706,189
25,2026-04-19,510,6279,51
1,2026-04-20,441228,3177881,65
2,2026-04-20,519995,5887157,86
3,2026-04-20,94904,829746,16
4,2026-04-20,91385,693194,206
5,2026-04-20,90930,649285,91
6,2026-04-20,101354,973115,178
7,2026-04-20,11307,138034,39
8,2026-04-20,13205,116865,217
9,2026-04-20,15445,192455,36
10,2026-04-20,15062,125963,181
11,2026-04-20,116313,988356,126
12,2026-04-20,430066,2730380,79
13,2026-04-20,412051,3687498,163
14,2026-04-20,14376,140296,88
15,2026-04-20,90462,912304,82
16,2026-04-20,16072,141393,201
17,2026-04-20,2311,19862,135
18,2026-04-20,65984,764628,24
19,2026-04-20,2170,27773,207
20,2026-04-20,15463,95077,173
21,2026-04-20,2415,32705,193
22,2026-04-20,10904,80646,143
23,2026-04-20,1423,10576,144
24,2026-04-20,17738,143341,157
25,2026-04-20,2354,23920,53
1,2026-04-21,323459,2362336,94
2,2026-04-21,501444,3643562,9
3,2026-04-21,95624,779899,61
4,2026-04-21,72384,775598,42
5,2026-04-21,88910,1030654,172
6,2026-04-21,101633,1230766,116
7,2026-04-21,11201,67677,94
8,2026-04-21,16098,125031,140
9,2026-04-21,16791,209959,65
10,2026-04-21,19215,180618,39
11,2026-04-21,88586,779708,21
12,2026-04-21,411892,2882057,117
13,2026-04-21,371298,4342800,134
14,2026-04-21,19291,224355,189
15,2026-04-21,106115,1405468,188
16,2026-04-21,17257,161931,184
17,2026-04-21,2126,23368,152
18,2026-04-21,69010,860439,215
19,2026-04-21,1435,17581,59
20,2026-04-21,15684,141460,118
21,2026-04-21,1441,20106,207
22,2026-04-21,15265,94218,108
23,2026-04-21,1613,12693,196
24,2026-04-21,14771,113389,26
25,2026-04-21,1894,25957,161
1,2026-04-22,373415,2747360,169
2,2026-04-22,497626,6524452,32
3,2026-04-22,71713,842208,135
4,2026-04-22,73452,767864,25
5,2026-04-22,78588,1028593,63
6,2026-04-22,70628,785039,164
7,2026-04-22,11594,149646,203
8,2026-04-22,13303,180178,51
9,2026-04-22,12740,145140,138
10,2026-04-22,14594,92211,185
11,2026-04-22,107836,1027434,159
12,2026-04-22,313084,3916443,209
13,2026-04-22,445479,5407513,35
14,2026-04-22,14169,193500,112
15,2026-04-22,73959,686776,36
16,2026-04-22,14793,101334,209
17,2026-04-22,2204,23473,98
18,2026-04-22,79911,479672,213
19,2026-04-22,2555,31222,19
20,2026-04-22,19029,211847,97
21,2026-04-22,2539,19775,215
22,2026-04-22,12955,160914,194
23,2026-04-22,1849,25781,54
24,2026-04-22,11696,132434,48
25,2026-04-22,2064,24942,40
1,2026-04-23,388549,2363018,43
2,2026-04-23,409925,5573891,43
3,2026-04-23,67708,762094,126
4,2026-04-23,80460,1025341,122
5,2026-04-23,92638,1186829,195
6,2026-04-23,81277,847788,161
7,2026-04-23,12801,91956,68
8,2026-04-23,15768,101910,59
9,2026-04-23,14788,165170,54
10,2026-04-23,13576,186611,10
11,2026-04-23,98382,692333,29
12,2026-04-23,439960,5671534,44
13,2026-04-23,304224,1984832,170
14,2026-04-23,13866,138633,24
15,2026-04-23,82947,1082024,173
16,2026-04-23,15173,167540,113
17,2026-04-23,1900,24602,173
18,2026-04-23,92892,996099,23
19,2026-04-23,1981,24914,210
20,2026-04-23,12159,91291,27
21,2026-04-23,1730,13871,12
22,2026-04-23,12572,85247,136
23,2026-04-23,2401,27559,140
24,2026-04-23,12603,165093,33
25,2026-04-23,1567,21589,98
1,2026-04-24,303089,3885848,106
2,2026-04-24,454936,3678323,155
3,2026-04-24,109401,905214,28
4,2026-04-24,67999,939333,9
5,2026-04-24,112756,1565693,72
6,2026-04-24,88313,552714,18
7,2026-04-24,16469,201580,122
8,2026-04-24,11165,90525,43
9,2026-04-24,14870,172635,124
10,2026-04-24,14036,128054,77
11,2026-04-24,107146,1044963,195
12,2026-04-24,498720,3204909,171
13,2026-04-24,314574,3856014,40
14,2026-04-24,18977,153771,18
15,2026-04-24,95120,931732,203
16,2026-04-24,11300,124385,56
17,2026-04-24,1573,12467,86
18,2026-04-24,64451,788417,35
19,2026-04-24,1647,12807,77
20,2026-04-24,13587,82994,70
21,2026-04-24,2573,35849,94
22,2026-04-24,17014,128329,136
23,2026-04-24,2171,19729,47
24,2026-04-24,19027,115689,94
25,2026-04-24,1566,19337,202
1,2026-04-25,118785,990677,84
2,2026-04-25,171069,1219532,8
3,2026-04-25,26032,299247,79
4,2026-04-25,32187,413480,184
5,2026-04-25,30654,330082,103
6,2026-04-25,35649,239632,82
7,2026-04-25,6184,49030,53
8,2026-04-25,6596,67893,84
9,2026-04-25,3825,28276,117
10,2026-04-25,4826,63970,55
11,2026-04-25,35380,249642,183
12,2026-04-25,108028,1399817,71
13,2026-04-25,181961,1240259,58
14,2026-04-25,5431,50439,46
15,2026-04-25,29774,334537,53
16,2026-04-25,4707,45969,153
17,2026-04-25,509,3213,207
18,2026-04-25,37234,259512,57
19,2026-04-25,819,7217,80
20,2026-04-25,5204,61220,192
21,2026-04-25,535,3827,131
22,2026-04-25,5072,31987,43
23,2026-04-25,654,4854,209
24,2026-04-25,6340,77614,141
25,2026-04-25,750,8962,132
1,2026-04-26,179157,1732330,36
2,2026-04-26,112514,1074163,57
3,2026-04-26,25712,223250,202
4,2026-04-26,35261,253048,72
5,2026-04-26,34735,354657,155
6,2026-04-26,29814,269507,175
7,2026-04-26,5416,49163,150
8,2026-04-26,6563,83386,19
9,2026-04-26,5649,62084,124
10,2026-04-26,4618,31483,112
11,2026-04-26,35608,494430,25
12,2026-04-26,114105,812861,204
13,2026-04-26,169582,1656140,46
14,2026-04-26,4366,59956,4
15,2026-04-26,39938,518375,215
16,2026-04-26,6611,74885,122
17,2026-04-26,867,11698,66
18,2026-04-26,24682,340600,201
19,2026-04-26,495,6363,133
20,2026-04-26,4321,37170,127
21,2026-04-26,562,4272,177
22,2026-04-26,6753,49287,32
23,2026-04-26,492,5133,37
24,2026-04-26,6528,47546,162
25,2026-04-26,880,10293,31
1,2026-04-27,347947,3920554,185
2,2026-04-27,286314,3698605,121
3,2026-04-27,63090,871277,137
4,2026-04-27,95450,1002816,5
5,2026-04-27,102908,906488,162
6,2026-04-27,65258,465021,210
7,2026-04-27,14640,190694,24
8,2026-04-27,19260,245593,59
9,2026-04-27,15455,131779,5
10,2026-04-27,16051,167727,112
11,2026-04-27,70227,556998,114
12,2026-04-27,414711,3148339,99
13,2026-04-27,366160,2431882,160
14,2026-04-27,11530,79418,66
15,2026-04-27,71657,719062,85
16,2026-04-27,17403,223616,195
17,2026-04-27,1455,9005,96
18,2026-04-27,91670,937406,34
19,2026-04-27,2352,25045,147
20,2026-04-27,18305,204872,96
21,2026-04-27,2405,15370,184
22,2026-04-27,15223,168891,198
23,2026-04-27,2397,25769,142
24,2026-04-27,11580,90489,16
25,2026-04-27,2582,17822,6
1,2026-04-28,443729,4234772,119
2,2026-04-28,439562,3876307,71
3,2026-04-28,103323,816736,75
4,2026-04-28,90629,547017,163
5,2026-04-28,108072,988843,213
6,2026-04-28,71305,547120,108
7,2026-04-28,14657,200656,106
8,2026-04-28,12799,109380,76
9,2026-04-28,12604,89139,57
10,2026-04-28,18973,203321,89
11,2026-04-28,82356,1068839,195
12,2026-04-28,363158,2788713,116
13,2026-04-28,375195,4966373,189
14,2026-04-28,17983,127719,136
15,2026-04-28,86639,580468,169
16,2026-04-28,16612,122284,24
17,2026-04-28,2363,30707,21
18,2026-04-28,96837,826308,188
19,2026-04-28,2398,27920,112
20,2026-04-28,12114,106574,174
21,2026-04-28,1919,18167,79
22,2026-04-28,14824,186848,22
23,2026-04-28,2512,23291,105
24,2026-04-28,16874,136691,10
25,2026-04-28,1954,26762,169
1,2026-04-29,517812,5559447,219
2,2026-04-29,370513,3915527,5
3,2026-04-29,82925,832430,73
4,2026-04-29,71712,821120,85
5,2026-04-29,82807,502483,88
6,2026-04-29,105961,1060353,24
7,2026-04-29,14435,95481,168
8,2026-04-29,15660,179780,165
9,2026-04-29,18630,188110,35
10,2026-04-29,17212,143198,111
11,2026-04-29,108181,819625,118
12,2026-04-29,294023,3984455,92
13,2026-04-29,414467,3274015,82
14,2026-04-29,13884,152217,165
15,2026-04-29,96809,888591,186
16,2026-04-29,15120,197996,96
17,2026-04-29,2222,15830,157
18,2026-04-29,77196,527298,29
19,2026-04-29,2127,18490,194
20,2026-04-29,13026,116725,35
21,2026-04-29,1576,21478,102
22,2026-04-29,10730,70789,35
23,2026-04-29,1491,15255,186
24,2026-04-29,15554,209427,87
25,2026-04-29,2583,32718,117
1,2026-04-30,397597,2656736,9
2,2026-04-30,346700,3605086,81
3,2026-04-30,89280,1153591,114
4,2026-04-30,84794,1106732,88
5,2026-04-30,85222,621113,149
6,2026-04-30,82281,772983,31
7,2026-04-30,16033,172640,125
8,2026-04-30,17887,170762,201
9,2026-04-30,14684,98222,7
10,2026-04-30,18724,174390,15
11,2026-04-30,103720,760202,142
12,2026-04-30,364430,5100420,28
13,2026-04-30,298960,3593883,5
14,2026-04-30,12870,152933,15
15,2026-04-30,68783,738164,25
16,2026-04-30,10511,66811,197
17,2026-04-30,1834,23655,186
18,2026-04-30,84338,1140849,103
19,2026-04-30,2028,12493,92
20,2026-04-30,13187,165092,187
21,2026-04-30,2505,32275,172
22,2026-04-30,16908,184016,137
23,2026-04-30,2479,23070,58
24,2026-04-30,18431,238125,125
25,2026-04-30,1985,17047,122
1,2026-05-01,406837,4347892,87
2,2026-05-01,334796,2292902,43
3,2026-05-01,110128,1398522,75
4,2026-05-01,86978,690060,93
5,2026-05-01,95664,1010494,153
6,2026-05-01,70931,712531,151
7,2026-05-01,15806,217460,107
8,2026-05-01,14269,176119,56
9,2026-05-01,15214,116984,67
10,2026-05-01,12946,107838,169
11,2026-05-01,72763,620633,44
12,2026-05-01,481461,3240498,121
13,2026-05-01,305181,1957751,74
14,2026-05-01,15499,130314,154
15,2026-05-01,75779,1011646,192
16,2026-05-01,14252,95337,180
17,2026-05-01,1672,20348,56
18,2026-05-01,68049,620322,147
19,2026-05-01,2025,16111,49
20,2026-05-01,13465,145436,177
21,2026-05-01,2048,12350,207
22,2026-05-01,16907,157474,210
23,2026-05-01,1613,11971,49
24,2026-05-01,14696,140366,60
25,2026-05-01,1798,19729,219
